a,b,c
-0.8229710156524243,-0.25768578544619125,0.8568802427524747
0.39197486684167376,-0.8495767516035234,-2.546283521366137
-0.3497222045939867,-0.4190890249331911,-1.2496085522217764
1.1365903926024112,0.3189127812455949,0.13283085215011567
-0.13795005031801438,0.6726725195281908,-2.2930294867627663
-0.49066753038596295,-0.2570319620912962,0.1786736767561053
2.2839617539174344,1.34802950615401,-0.4701915224761927
1.302164625948811,-0.6029129675731746,-0.4716973992874655
1.0169566417553784,1.1101423058452726,1.4611294452968646
1.5313315843436448,-2.0593215935475166,1.6177419485224995
0.8377193079390783,-0.5569124113059344,-1.9800060809807267
-2.4467354983245606,0.12362577099916973,-1.892309627751945
-0.8396804807589041,1.3653314012804767,-1.4022195244003963
-0.8525759038384859,-0.4596063155099584,0.15615625945918613
-2.960819204484601,1.0692838885663822,-1.0316912387196877
0.3088490537457188,-0.5104433878448431,-0.636218991288629
1.313649356443649,-0.5576367862456807,1.7212563240877667
1.2723626383337017,-0.04917536939331581,-0.2520083567033751
-0.6148221723477494,-1.1535183609106987,-0.001298224221381158
0.3133107094417323,0.0451801783326347,-1.8870006259469685
0.245348983332704,0.7706067757836451,0.1300898597979666
-0.5790748195979827,-2.34171594620978,0.5032726617283447
0.2714109743283668,1.205540973550955,0.18927047122824486
-0.6462523435108211,0.03888758056853854,-0.2316235491910177
2.044485279478274,-0.5392349022029432,-0.27595006312004833
0.1296949990599398,-0.3452529807910261,0.8763817701421349
0.051913251706766125,-1.7328841256409273,0.9923347783471014
-0.41179475849829905,-0.04225512951611287,-0.3903966185791729
0.9733478023871716,0.19035838200142272,1.7994411020321068
-0.5708995435086215,0.09030157942470757,-0.7278113346396602
0.9098403116744932,-1.4240668074331675,0.039696857260537566
-0.08442917452031339,-0.5972286105505332,1.508068365104535
1.2324045168346391,-1.0757749014387634,-1.3541930556782182
0.028021851311558883,0.5427029215255781,-1.0597825720968774
0.2337407227268106,0.5503755187017226,1.0688471527502559
0.5743483681220639,0.11687405654723905,0.3530384529134498
-0.11380372468873155,-1.2912169070340462,-1.2160951713257504
0.12609476953410062,0.738176397227418,-0.3021039608654648
0.3408555921881341,-0.3123186139421498,0.2521314480852529
-1.2966651098916997,0.15694463862394226,0.7349954780967767
1.0828735172304678,-1.075845856314495,0.3779452753566187
-0.13344002019857815,-0.6638867943317757,-1.2491054242372068
2.0358990002480133,-0.2572065435612869,0.20955792273507187
-1.1975517387513503,1.417595200344077,-0.7808174488284477
-0.0857037283049674,1.0087451810413843,-0.23804394170120005
1.2933275653630267,0.9883578071465944,0.1463407407394801
-0.6440901329116935,0.7555199070480865,1.0615130240736417
0.20023380116404,1.3647233823422238,0.6059651272496407
-3.0128956541894807,0.7542813711698638,0.4407785878916368
1.1937782326675042,-0.5714981467350116,0.2042217710562502
0.4823339183434764,0.6714341221195352,1.6085046182553124
0.9731173756825432,-0.8105292517506048,-0.8742891933696825
0.7804050598754337,-1.0091788962594868,-0.9027133436863746
-1.0939742430311523,1.123161315150319,-1.1695427580825368
-0.03897869447867123,1.7139381478956277,-0.14310350576734007
0.33901347027521844,-1.1076689529699772,-1.3355399965955508
0.06615452135571867,0.4156370356890639,1.3245999900121188
0.8523412377688405,-1.3521166114117849,0.18190037932513295
0.9494155473544352,0.6460087431220558,0.10612860005034576
0.1630699659852026,0.4969866150590257,-0.04079409521801573
-0.5862614976029027,0.3551379781367361,-1.628348442776097
-0.6471998635491385,-0.4548656672411083,-0.9529670452593886
-0.7185864067021503,1.2559634585733133,1.6803860675977935
1.1996210452214415,0.2692137030441149,1.445288117221474
0.1735997206043969,0.04210532722809852,1.7827567879204982
0.3297772835584313,1.939760531241857,-1.451093782359287
-0.430517236430031,0.3019100952905609,0.4151367770162807
-0.5917051719912673,-0.3373294349460934,-0.7651144267841917
1.485938914153116,-1.1145173942900684,0.21401960473799495
0.8829319743638631,0.11623960690119756,1.6150497079898647
-0.6153505799243628,0.9280186174507656,-0.9799552747182836
0.1769413186278109,0.5678522617860213,2.0649168763693777
2.0149537918813145,-0.7379354817711903,1.7628073173617258
-1.9083943650492858,-1.0072432008335062,1.7006695306255186
-2.3890385820460707,0.38503096845566,1.4137152356817482
-1.3957589761830536,1.6647005225318308,-0.1757466714145874
-0.1352773251874947,-1.3625209755088283,-0.1271392036563096
-0.14836279674963768,-0.006628672801483086,0.010612557583224144
-0.9461611257010092,1.311522196311355,0.025389408776954062
1.1965120642567129,0.7246038195403356,0.4261495119700571
-1.1322102299997223,0.27027252417835856,-0.9534738193504378
-0.6203235994931422,0.8396389034370042,0.3762823556357012
0.03425042367591112,0.17733169721285122,0.7719788182749894
0.7505078340944035,0.6229625120889488,0.7231673164390351
0.4780603291347936,2.4220887348007083,-1.6623254683581001
-0.7520649081394662,0.8163638589601722,-0.05735941628919545
-0.31191750742504737,-1.0050942702306809,0.8405118023275144
-0.7115119164868262,-1.0641885084263258,-0.8537008893976533
-0.3942354156510539,-0.9764044441734756,-0.2354493486462779
0.6362555137890252,-0.8841013177158705,0.047171926109492016
-0.4336552218822909,-1.5183033555393668,-0.8452736021248484
1.5647985411349905,0.7772331957565293,-1.0456970715044267
-1.782966627836873,0.02642270153743916,0.10208747835022096
-0.5000719808607622,0.003365787008250739,-0.4871733596224626
1.9223546764794373,-0.40937222212974816,0.02167691127443534
-0.012545137163637084,-0.31265522487053005,0.08199185818588875
-0.2977558242274512,-0.2207244842512751,-0.9352630308025404
0.3859655753006742,-0.7748804306624051,0.6507209842232065
0.8380771722983807,-0.16347034232087318,-0.01855157825582661
0.5972755040049386,0.7940770015027808,-0.33723615968619625
0.01219857776915542,0.2762829135301878,-0.3888882364177223
-0.765203524151696,0.16886871906745748,-0.500168397846686
-1.1248032779040873,-0.5701996390335632,-0.3998711949465196
1.1766674360027851,1.055631648402843,-0.8668486328025529
-1.3850228905988846,0.4512905835482836,0.3803697674300896
1.7530263725757345,-0.2617747129505331,0.9399829351609351
2.4786324721322384,-0.7573794070459069,0.3068004418501323
1.5887308412759535,-0.3351809533025678,-0.9189831636928036
0.0064712783148580845,2.877133202921458,0.06922181417613651
-0.3210063485818782,-1.005995558968754,0.578708229371675
-1.2628844765448335,-0.18507330561864954,0.84837982658061
-1.7417756670893696,-0.9511191849895064,-0.4545647796168381
1.9137699634611565,-0.05517347531711974,-1.6576002863788146
1.8871617476603628,-0.3680575922084513,-0.15535689455398846
-1.0775884937021292,1.0986835901668357,0.3444796124862233
0.34899856657699674,-0.3646860729686208,0.5182287304750055
-0.5150215231092307,-3.0453913628406624,-1.2949488552865074
0.5618319477192435,0.21154236264750345,1.0971238797323075
0.35407059284486,-1.7638112615609758,0.7012243820362108
0.19544359343057946,0.5378220176757095,-1.1066167888309064
0.8220819272881932,1.5118618523046157,-0.8412777626386746
-0.2662598179672112,0.23522290536169835,-0.9090993433727874
-0.13094895032093007,0.27294314552368315,0.19342390828790068
-0.8031713237374825,-1.389871978597348,-0.8476936669339749
-0.2397986728102179,0.06343132144603017,0.950490918558107
-0.1372368053735095,0.2494989665929793,0.9176799175918596
0.055568418883244194,-0.3114357340339546,-0.05903447104996201
-0.010576404970669872,0.7380460163258562,0.9288233622870392
0.0321718042419225,1.5293994133837518,0.3933533301211536
0.982573873328004,0.2383493401837881,0.7541801439740025
0.5558453653701316,-1.2015580096846814,-2.0288708332283907
-1.8865486372227767,-0.870185384099475,-0.9382699729968932
0.3394025786488004,0.8011769000160147,2.8811133954616963
-0.7510717960672989,-0.5076678009098539,-1.0565548901031754
-0.7479908799966617,0.9246689254505568,-0.8730239111780357
-1.475760867956054,0.523147517169067,-1.2388432218912562
-0.19085117766958765,-0.7591612732982492,0.5292615860189531
-1.3399388603697275,-0.1537001887869704,-0.7294916913873789
0.9457344228653364,0.8269611743773353,-2.075489495677726
-0.11376874143735385,-0.6748923610964699,-0.7658859282581014
0.9915505903381716,-0.19524825738123008,-1.3292944795471722
-0.8555043916533025,1.0117664040222074,-1.9087908263988904
0.17840575869441486,0.8407621882597947,0.6960906786849198
0.2880446002233757,-0.7417842949534157,2.9309253347571067
-0.1263379299395472,0.4307669603936983,0.0956097660270118
1.4140888751851155,1.4499680800963528,0.13849771419333978
0.1946199832131156,0.1441845885102956,0.12032651199194402
-0.17960607307098406,0.582360738111596,-2.019344005086149
1.1007902922155994,0.5268910715579067,0.7381726679011364
-0.023434592212848385,-1.6590155210583233,0.5554646189577762
-0.7389040296623154,0.7643344545817429,-0.6774397361684183
0.2631066457407019,0.5277663918666725,1.470056003395519
1.6119806187738064,-0.4617097371894085,2.613008894120049
-1.4536965010288798,0.9888667238991736,0.1636720938665965
1.3427890803048896,0.4905818093754665,-0.335062171131186
-0.7914934941430003,-0.11896018387348395,0.2090975045604224
1.3484974465719708,0.24730089905028305,-0.028439370159999217
-0.25325662700155993,-1.6608611559850264,-1.619545905875751
-0.6389939304640713,1.1995345007066436,-1.1346989547781592
1.3285287981763094,-1.0450759167927564,0.3722569853361705
-0.8945716158869328,-1.2059033747870265,0.4735804691254893
0.4985731942921728,1.3696120533532663,-0.6349691762448908
0.995961950416532,0.1808981419337246,0.41884430389364
-2.6121952266803854,0.1345030775089578,-0.3681207231924249
-0.4044304945182195,-0.05722761888945663,0.21446450008651888
1.3278210347853767,0.9270249230373172,-1.1865300013877271
-1.9727629338439636,1.0392374800276716,0.4852844907708464
-0.044364293180659285,0.3452470533967726,-0.06080673847213365
1.1485771137745593,-1.1201515623566751,-0.4001789506210437
1.1124671919402882,-0.4599342953257918,-1.0049747430301756
0.3866031991031419,-0.4598543476949324,-1.2791231847311864
-0.899359558555386,-0.016314420444365547,-1.0679005456652142
-0.7150861587850545,0.479895643980852,-1.7031837597758277
0.9978616342761788,0.9255777437558076,2.2668745730405195
-0.1401645687734376,1.0811135942853165,-0.5348594092982925
0.027276100703286447,-2.314878993279956,0.5576389787132733
-0.7312736337097628,-1.9833445218205212,1.0337455646484517
-1.2334614284668683,2.5102477416443087,1.9890541223705267
-0.44300761768348973,0.4158813665436989,-0.6344435601579966
0.4366871583624383,0.9002283276125409,1.6771005167580877
-0.6798321237955458,0.8953662979897759,0.0797607687274478
-1.6696166358412656,1.177137878463723,1.4970341302046597
1.5372649707077286,-1.1524038468504882,-1.28768179369266
1.5927864798346874,0.027705724733456272,-0.5694420103044361
1.3242625451863494,0.8849745548061146,0.6743718943037861
1.8064523572834776,0.8695389895815042,0.5887655600125671
-1.042608631333117,0.0398076406956073,-0.9322875169077162
-1.3755845602484216,0.6256917058640467,-0.05319639029592447
-0.32445432845756106,-1.0434083652915829,-0.6265539567282423
-1.1694055817527986,-0.39300501447838826,0.8247736584732266
-0.5200933909304961,-0.23245975140066594,-1.194735989912871
1.5854358554243742,-2.1760469053714733,-2.098230246562814
0.20717031096707847,-0.8513405002864992,0.32928356687692484
-0.3300605396427876,-0.29603625314192195,1.494005622997863
1.3937361801777324,0.3560251833891365,0.1318646296173091
-0.3001477612469737,-0.12704943221106224,1.3704569718969741
0.4949142058190335,0.560388882442171,2.3718735861507976
-0.5485385886396225,0.20586132686442346,1.283649215328825
-0.4465472899913371,0.5920098504791877,-1.4859642165693054
0.8570813256464429,-0.415433267781944,0.16010521719603196
1.193414605272008,1.2942610569465711,0.5637678392097786
-0.4429275285718214,0.0407815276307484,-0.358579138904716
-0.7917681249298867,0.32481967953824165,0.7818348743826723
-0.5814341978042734,0.4757135995835811,-0.8872782548506196
-0.29560339412077824,-0.409328773482721,1.2422255677588183
-0.1633513223729927,0.5406047435201959,-0.9208749289623596
-1.4392248902989633,1.497591839478239,-0.4065065201421772
0.88278286457959,-0.9014580058578752,-2.2460970432703
-0.03851760993369605,1.5112892926386732,0.18420208560768367
-1.438673671273614,-1.3366360543098084,0.8603007153934664
0.4774623176788344,-0.3840166241092893,-0.8064109421142241
-0.017875059621475616,2.128029547822912,-0.11629869459140105
-1.7344461130196571,0.2813433644562883,0.7705451128873384
0.7083242993069043,0.5641049149463738,1.9178338813031497
0.2509793495672194,0.6165989377671433,1.1182350669008951
-0.1475203758711307,0.3738118094482464,1.4510290846430949
-0.2632185134409724,0.07007571095311696,0.4181250562440676
0.3729796660436055,1.2528032586429796,-1.0156496693254529
-0.7611268436039998,-0.1899699727231203,-0.5288374729166563
-1.2804302348658358,0.7776884022006972,-1.5285017407251833
-0.7075716450327674,-1.977428172901072,-0.2989365541790064
0.4932734691483962,0.3719007794611309,0.17157159572294858
-1.9248306991254365,-1.1072032601101225,0.008591196900905242
-0.2573065194316702,0.3913745512399605,-1.1503010267713605
-0.7528724627517802,0.4874865964530321,2.4624529785284537
-0.7471247662435666,0.5365338496860329,1.134124294224467
-0.5562517238469565,-1.2390085920781166,0.6989872193180572
-0.653265465263647,0.6705205600022135,-2.236070712725005
0.02518444887693153,-0.7216251225503653,-1.3777191801440225
0.7945319453652375,0.8895618209439513,-1.0007799018173098
1.7260517329519145,-0.7428003523354094,1.9608760747194
-1.7108589767396816,-0.5744471763268882,-0.5624616606978098
2.0924435675501174,1.7097056942757916,-0.4271157638748389
-1.0958622603780317,0.011796984864580322,0.32694393568424
-0.8145964634672087,-0.18330335928812716,-0.026076359384738474
-0.053744920087894166,-0.8984347485018827,1.1330138700960062
-2.260526096017525,-0.8106019275877177,1.0878154882520097
-0.6097821502931224,-0.4445072866705714,0.1784654474395608
0.8786261532524691,-0.7419871204391002,-0.7059396997883033
0.5528372869240916,-0.32963980172340923,0.9864127409923314
-0.8224751674676739,0.2762228745900147,-0.7418874008317136
-0.9150059621739672,-0.6233049312745679,-1.8216750997100863
0.6365262585998218,-0.3702759283086939,1.2262489090059812
-1.3284847503791546,-0.8090348201598972,0.5021874403582295
0.13668984873077009,-0.7057568809399735,0.93278470281258
-0.3908668409922565,-0.4583782012052087,0.10773648200059564
1.2340015123895494,1.1027183575899284,-0.3453658569992074
-0.663775484033359,-0.1383450039713833,0.8506767544721616
1.4654071394911357,-0.7545278066530117,-0.6585929771182809
-1.2696281326370071,0.2468061297442125,-0.10238331580323448
-1.7985172499911106,-1.560129912170639,1.2553665784212529
0.5601208978332777,0.3467006674275265,-0.6759774514849178
-0.4206950105057397,-0.33077981496212977,-0.7198350067247661
-1.4856367714135208,2.1250382324566988,-0.41221891182094783
-0.5656823356286026,-1.6008835547535178,0.7588727679112761
1.4027260506670205,-0.21676849414183635,-0.5117573576272881
0.3354158140674888,-1.1752774424651922,-0.4853734395270345
0.21190707497913974,0.6248632702125071,0.8782978243822351
0.11114225701784183,-0.6222494617234865,0.4514814174949669
0.4908732491377466,1.8477452578303304,0.6410931458987867
0.08980877838250997,-0.4492512111973345,-0.732470965608859
1.1297660262644091,-2.2887806914839963,0.16134209490355955
0.5242251548108412,-0.16247999331185553,-0.10736479823538306
0.8711264133873917,-0.8406127460321084,-0.32329212376564825
-0.3643418786122506,-0.4272632557765505,-0.38675595180094935
1.1615097229148432,1.5997770686182688,-1.3499014555906528
-0.1396739396358171,0.9542685595866954,-0.16873411071165165
-1.1782735630659606,-0.5167063144796253,-1.1479332704655594
3.160396640166278,-1.083082320406961,1.1850662162306378
-0.4763575116059155,-2.0347751856950422,1.448201742354123
-0.02437859575533714,-0.481062011826725,0.9448359612838376
0.3689863186839509,0.33572613991190353,0.19042867519770829
-0.5237489530114073,0.1032967136920825,-1.0083900214289423
0.90205680915245,1.858101465969416,1.2983616169351986
-0.42436116302579263,0.8026274991689989,1.176143825358283
0.03895691073912408,0.4792539396580186,-0.8187734438837251
-0.6368124455449728,0.8928415040943104,1.899157321531012
-0.7895403078596496,0.10667911950700894,-0.6155067824597847
0.8222864828540384,-0.4719411460221256,0.27585423599125297
0.8772067915425661,-0.6888455653593722,0.9371070512518108
0.8772266772414024,-1.3331018710107485,-0.9310858846095144
1.2053906314283651,1.9678007756553293,-1.9948858957903013
0.6386722770120277,-0.3881396760781576,-0.5780629651195028
0.6326392221083967,0.2680300198000344,0.3815780833366906
-0.1841790383855359,-0.9625675963244308,-1.3115310366227242
2.3202318235088115,1.2039896183845105,1.3878968051474383
-1.3169583343149789,-0.577293345063092,-0.37948852440040737
0.3647560199200801,0.3776971465766312,0.5819445176518859
-2.981785244298398,0.6388540199433,-1.032437715586954
-2.307523636715938,1.4032569333294758,0.2917338800658026
1.248209832931375,-0.4720202175935057,-0.7679218163010048
-0.228619346243302,-3.293150466723075,0.7060466892728967
0.24669388876902165,-0.37553119761096704,-0.05099616204968285
1.3537845150896608,-0.4427789817427041,-0.10692057573387882
0.20621975332947406,-0.6210998225414607,-1.0152994186871194
0.09285161287771664,-1.298383769480606,-0.464590430847208
0.273793790914083,-0.29678243926993364,-0.7141549699699788
-0.025238928019853567,-0.8058022077518312,-2.1219952367336554
-1.3373924900409178,1.6012441508177733,-2.630123922373065
1.6619761034264953,0.5057941764818993,1.192027788285842
0.5186501852564142,-0.8131462378718204,0.08212655740211698
-1.1207607415938832,-0.08072737555388321,-1.2004083679789148
-1.1198611974980826,0.6942837968135424,-0.033908382244596746
-1.2098022425917565,-0.04824049597060415,0.25499880135836017
1.0956162622604686,-1.7201233031977552,0.6966946172844732
-0.5276303591072272,2.1918999756570066,-1.8698761559676769
-1.3970087566679892,2.1228987339968604,1.5166979803845364
0.6869839777659119,-0.0893789977745751,-0.8177862514816833
-0.3635509789940381,0.4052290608080199,2.293053738443287
0.26830415525685913,-0.12468933834103925,-1.829526055854576
-1.8023225171689468,2.213046070854574,0.13328419473309064
0.2962986441670432,0.0279308003566696,-0.5314423420759522
0.045461711851423114,-1.3202106559094764,-1.2215291668182404
0.6635737129547088,-0.16768692501398885,-0.3316254718545727
-1.188739558703326,-1.218459853900268,1.4706382236258484
0.20757936110522326,-0.3104354131318116,0.5241370815661308
1.931918449763316,0.8733919083899565,-0.29568479139863085
0.6259560798829928,0.07543158364040277,-0.8273356790112361
-0.4812442733608897,-0.9896237672064998,-0.9422507141532273
-0.6696742368816054,-0.1300297186598675,-0.7008293989106881
1.6510407647589491,-1.29309260722411,-1.2334040885442947
0.2876535931479171,-0.21488257862493515,1.2549283714299944
0.8237805232836006,-1.8989903260977408,0.5447681311154371
1.76414340428495,0.07950800457733022,0.39552748060420573
-0.7856830625500654,-1.6481947899500384,-0.7690251128517415
-0.02316323663855185,0.4721247202993473,0.6097225290546507
-0.8541963662496522,0.991271220488348,-1.262933578402348
0.5301555154520667,-0.852507431080745,1.2729693237536648
-0.5516201278176758,0.5427115055962325,-1.2975802590645071
-0.14404841777679214,-1.0589068102208017,1.1287694759853386
-0.12986951483204687,-2.505081896924118,-0.5195739175161191
-0.2756597395951775,-0.7571761642626206,1.4661836812816602
0.9694942194581742,-0.3986026054160288,-0.5347872110226025
-0.9082389886587412,0.5863471924733513,0.0020163823451427518
-1.9631585271709373,-0.3789010445866757,1.1905937351351026
1.1217079959534628,0.8360996226607189,0.008749384707446359
0.0035945227523837006,1.2346816419047018,-0.9973046134144364
0.6760909527814036,-0.929806144819782,0.06666432350403198
0.3453295026504408,-1.4104927504140714,1.4209580240597532
-1.383780423513084,0.5298250139638199,0.17894362710843847
-1.6616894521427246,1.7584937715419888,0.3471796585223357
-0.026963536461347668,0.9346948983351228,0.3654422004238511
1.3332394804426144,-0.8671296759507979,0.4308546794659857
-0.015100875008043512,1.0801664405702875,-1.006769493393728
-0.4795603434921493,-0.3586398860012064,2.101715604793411
-1.3346034769253012,1.3306101544117328,-1.973547274563836
0.010987329144496252,0.13726858255836832,0.8921046033308325
0.8807418563023854,1.6360267764741592,-0.6932407061290249
-0.0574291922303103,-0.17653972566107667,1.9770604714999882
1.3310949657202271,1.4527631937495151,1.0399014183320858
0.9174678286786491,-0.4636224932079614,-1.1550708319473089
-1.4100183039170144,0.2791784615062387,-1.3151192347709864
0.6716757794899509,-0.3341051786698404,-0.32820922748415793
1.3116081648052755,-0.7267312487908049,0.3677316262170252
-1.3689420755117447,-1.6306614598643725,1.80164614268312
0.003986301950292601,-1.420689998472724,-0.4840776334216554
-0.09199486951216786,1.6687243420284352,-0.2701603556154625
0.9130261937750128,1.5526738331362189,0.7103443424391187
-0.7115834613209864,0.455385638971435,1.0937345097545017
-1.2377352138852402,1.9391620863583696,0.6330974598736637
-0.6372513995876811,0.4832334385470748,-0.930472931392231
0.8828281045456219,1.0961178356922414,-0.8197601337005087
0.3996964896673869,0.8705110997918258,-0.2335927895205981
0.5495069113313236,-0.8327260016231808,-0.0720511778721291
0.3580579572518999,-0.7723441211829526,-0.3226635494958536
-1.2650358555126306,-0.7232355471839214,0.01636269106641374
1.7849384047154178,0.4724574293542316,1.5637016324795427
-0.5426343647383028,0.5079495683470427,-0.07726468383866421
0.8700499532455155,0.04074673631856477,-1.5885294483741486
1.5812444059936133,-0.7190175910026203,-0.1561418324078603
1.6452628376657008,1.0978667203008987,-1.7519029222121507
0.049498278388858535,0.5139169177876342,0.14235110437015774
1.005924090734247,1.7399711808125038,0.8759572195511677
1.1001059567867342,-0.15279244447099233,-0.32824670857241944
0.18815792021253594,0.05429466198188318,0.9680198564182666
-0.3872723000509573,0.5901100620226669,0.9741562026221215
0.17418606825175953,0.9306838055090544,-1.902006425905288
0.8454040742604384,-1.9776045463089549,0.4071376163958453
0.11806439405164385,0.08627945113009274,1.27541895548032
-0.2767568413288814,-0.23661717367933716,-0.2492176857693337
-0.19407907599199306,1.1635663553531614,-0.6359445981088829
0.23430388645801276,0.7686865373057082,-1.110163204308188
-0.5476865462461314,0.1797151516538453,-0.2943076337605565
1.5257498040726751,1.0540544199664452,1.2381081146287658
-0.6127465156114038,-0.5873054747199994,0.22961708250561075
0.496722810801421,0.1640225251289951,1.0746249804659176
-1.0553973621171893,-2.004391268708684,0.21095199399007744
0.3256719819295447,0.9129097232031256,0.5719388171749514
0.3917098045078596,0.32448394371307043,-0.6219973956615239
0.8526394337880123,0.3968894383829581,-1.8682046333513664
-0.4544860114910083,0.7994974218636448,1.29911157719305
-0.18796784398927605,-0.5204203168315239,-0.5906907257021105
0.8677322905030499,-0.6507617971597476,0.4511817474279878
-1.4968411489306108,0.9578612131971824,-1.3454515756807166
-0.3232590721221951,-0.854765692701509,-0.4162957985843589
-0.7440631785650393,-1.002700987549721,0.4752229627512442
-0.7310255565075476,-1.1239277758664763,-2.471546863143174
-1.4358363888221837,1.6989304876777378,1.2419557171591251
-1.6230941259879643,1.7465998455128429,-0.8129103111556061
0.02439615928535449,-1.5473501119075,1.0385610153913936
-0.04709018651696178,-1.112289466819365,0.4221650218579998
-2.4692329923181755,0.3613134635981332,0.8465590258585868
-1.475227214239914,-0.06903527796247587,-0.9968788204440135
-1.6000644576299965,1.4169413318204824,-0.6174997183768038
1.7339721025185233,-0.5683225985063661,-0.3756912056541056
-0.6090943130345939,-0.05992014582247,-0.1890774797553377
-1.8493692642227908,-0.3335331241313402,-0.4553047130975689
-1.009674210383558,-0.2815157750478913,-0.17866084360522666
-0.21115850819623064,0.6149886875983781,-1.9549440827002051
0.5053753570311139,0.6051793381978127,1.487952695555977
-0.3166900455523568,-0.4123000380346033,2.2656712495245537
-0.7321371135189828,1.1758348372255685,0.19680533682655812
1.4765213631981025,-0.6554045841061623,-0.11199111713934326
0.3327014513695821,0.4492645895135258,-0.5652073127839896
-2.4896299054964675,2.151587287428347,0.8373419462113565
1.5023659466621793,-0.6565114168416896,-0.28959012633016795
-0.4656786687290997,0.6198852792278288,1.2863108776316228
-0.5490380451737009,1.9726294776443036,-1.030814113763933
-0.001468110999264433,-0.7917480031561799,1.066542248917668
0.5526898078127842,0.4674614993180095,-0.6532245454711784
0.6972692419866137,0.018961107388958183,1.6360889444362599
-0.9124222912170096,-1.1583707951101392,0.6950219036494222
0.8882146110984812,0.4538960441727055,1.3500547756822732
0.700554148138026,0.04981973544586955,0.2573509333735059
-0.1345326410120012,-0.9124719964704584,1.2628927534815482
-0.3751258327407403,-0.9092906743839426,-0.4662741310259898
0.4469529274205098,0.9316405719156758,-0.013672986115952716
-1.5694738545556417,-1.450222040725646,2.0047511839650336
1.9396513164139857,-0.9452111962925648,-1.7969820341606808
2.348337434842592,0.20882908293718414,0.6192615659944342
-0.7321210838645991,0.4633764871214655,-0.22195033668003347
-0.38401975219384893,0.4920648999845886,0.2992538174934767
-0.7388093570587447,0.8370904369885669,0.6206243094181417
-1.2584193498801979,0.0756216579318064,0.3768236207030866
1.121581530671061,0.3169362599243188,0.3898012175016675
-2.4027779422876248,1.646089572973296,-0.32639165187496444
-0.281419269700575,1.0115784787516535,-1.8485199955251468
-0.6960697222394737,1.0975846347108316,0.6095005893769182
-1.0928824109566733,-0.1903417496403456,1.1844180134772389
0.7428468360277753,-0.4941828651306208,1.1994950107418574
-0.7356858761500491,-2.125011886033233,0.8183100138095196
-0.11281113928371905,-0.06915514688172239,2.094201514954952
-0.5254724980639718,0.21523123261165347,-0.3041491628933917
-0.9551561643399608,-0.23621815363704374,-0.3201524966962246
-1.1569848421294122,1.516226084082667,-0.15826398218901094
-0.5272684016290518,0.6873648700204539,-1.4462275827484712
0.4386729563963145,-0.6883428477412933,-0.2033470936429889
0.7776543526558759,0.2977334670139079,1.7002688599054732
-0.9305916933824316,-0.4827886206822993,0.007579050073593683
-1.1854402805234767,-1.2172661549202524,-0.12093812566213764
0.4764171422218854,-0.6199865962926324,-1.3614192450908411
0.026288964049664517,-1.9174178899547667,0.157315859114887
1.4216623944264992,-0.2734085567099142,-1.2062110789954714
0.3027845371842248,-0.5203006472050637,-1.6005752558501218
0.8430736664679637,-0.3181668339252233,1.7486488052359164
0.6175398631184702,0.3007516179757242,0.22327158407104544
0.07411962602620098,0.11956034564387663,1.2025004997011188
-0.012593893937104285,1.3467259527015805,-1.1004529717231368
0.7904375441134665,0.3170305697912878,0.4448279503382193
0.5308442701763713,-0.020582171700616218,-0.5125986532502155
-0.6706918081866463,0.006629472399514751,-1.0625501677668872
0.871803640469761,0.11519927080807127,0.5459042547193261
1.5370951011227174,0.7750523444282315,-1.2978187508200922
-2.040173577364889,-1.3357684087244277,-1.6224328355334119
-0.405960937883743,-1.5896295294203595,0.9679530856618844
1.9452868233418847,0.6160546903768047,0.01605681167103789
-0.8986354894667237,0.3848742832104381,1.8694646231508756
-1.0749556315766708,-0.1440654329522049,-0.9974888619780918
0.5625581868705165,0.5018814773744761,-0.21540636475838615
1.5462468266897391,-2.162293605017968,0.8088308233320528
1.1975233538332646,1.0458158649172895,-0.5078066927142636
-2.962481866321311,-0.9395123135063276,-0.9268551188082188
1.9469323092233792,-1.6501732217946097,0.035964612482690034
-0.13515321792078522,1.215127143064466,-0.3049193960958644
1.796202609748709,-1.2588938813045845,0.5738229846067241
-0.0989852837064999,-1.2777076141535073,-1.2866819508571017
0.31696020854331897,0.2798884127917948,0.14452321055282066
0.19831204443390504,0.3929517860478161,-0.9742868112449028
1.2991214406501266,0.3717139660956867,-0.2608051622242021
0.052191724185886815,-0.7144416047199321,-1.1302141666500456
-1.0910652842423585,0.4997606531404334,-0.12925814209631067
0.98916095454777,1.0111519780499314,0.017912928948079315
-0.006798229939980981,0.3978836167917103,0.04546646143053211
-1.4427277376992311,0.4266097507702022,-0.6386848087334606
-1.5716896898020372,-0.0736545264174657,0.021772423947543564
0.7638959791360269,1.3642084995856418,0.5395147011839992
0.4542500873937329,-1.8133521945841768,-1.323573357239732
-1.1339514126087684,0.8294426345922977,-0.06724843403371783
1.0076914208160788,1.0270478747181429,-1.719169684665023
-0.11902196274039988,-1.0017393788806679,-0.7731851137650291
1.8656020398133573,-0.14982348321438865,-1.086473033501214
0.11631232870782207,-1.8982101697143527,-0.14577812008430327
-0.8639065405763917,1.3909804393653056,-1.1663668942574303
0.02259031101130936,-0.6394361566705306,-0.8304221239901798
-0.057775979985703475,-1.1134898765523693,0.3908911169722208
1.4552323647107734,0.6429489218240413,1.4136715189141356
0.5335935461222022,0.4584515325927463,0.6062131618367803
0.5710970029004835,-0.655361061440657,-0.043381744861992255
0.6801806831913728,1.3582412882561654,0.08361978186307847
-2.1220993969140127,0.3419430899288364,0.4301234521033723
0.4318811120960719,0.6537930415359859,1.493360153410186
-0.3836404221235332,-0.17495208824256725,-0.2033451882379421
0.08449811228234552,0.5594885573471787,-1.1859697470235324
-0.3066196830644863,-0.2778198450812963,-2.509201150539744
-0.7460832623312901,1.4494996433666392,-0.5874082401028873
-0.19762792957379655,-0.8550689385076992,0.3737850124811685
0.28714235657134,0.5516544467337585,0.006996747269443096
-0.9161126773772598,-0.7781662637970563,0.7611612938013336
0.19197342221099853,-0.07373831490433315,0.4822364294397386
1.5915271352569167,-2.0621541861099666,-1.2843887182970797
0.6680007756064654,0.30417725278869634,0.11860355426724517
0.6202524184487193,-0.4494429400699754,-0.2335593039829201
1.224873449125262,0.06410148517201883,0.004277163775109725
0.9056925570217478,1.0194737814492176,0.9358280729390628
-0.6369019361741761,-0.1733729590480271,-1.581729756109254
1.276625733372999,-0.17065476391836631,-0.6117681920406656
0.6177808288848805,0.07260278492760053,1.2537964330604732
1.3570274407662262,0.27888437282939765,0.10385117895199364
-0.7558707868008873,0.03914514714100425,0.3340495248841142
-0.807545709439955,-0.12039512295845348,1.1672757065496115
1.2314700758607129,-0.08647626650727876,0.5933971186700671
0.06812469102662763,0.7772822291934772,-0.7240086317214199
-2.9140225823681223,-0.4659516170740172,1.2003171535843329
-1.42294327288818,0.839936121159836,-0.1309430173890003
-1.8981903084616751,0.10304782535433188,-0.9500422307403265
0.600894821453655,-0.7274714611871664,-0.7804784417969246
1.1054030087624185,-0.5787935996005236,0.53526461282643
1.1160121245202563,-0.7763525704590045,-2.1099959715275665
-0.17709302703425767,0.5492195917251138,0.7153947384803249
1.73261095841584,0.7788042114289864,1.3973403491158112
-0.5967231577033849,-2.0082140507476045,-0.30539843924450605
-0.4877342545690149,0.3720105995580696,-0.03103520905022424
0.6972297014349149,-0.1551781295741855,0.9457045872321987
-0.1968121806032428,-0.7463735490900442,0.8797477992376256
-1.7413228509697578,-0.5068181876399604,0.6690667264500553
2.6323584377812965,0.25399945167439497,-1.4137428953324451
-1.2375892088491482,-0.6411536497653266,1.414388545113521
-0.06576130587555228,-0.4160169343863405,1.2290519549696866
0.012906080406990702,-0.6859357993151873,-0.5798124968790468
1.0264836340483732,0.23010512498753805,0.9016734163832985
0.9491668559520496,-1.4068440377746867,-0.10818782493957643
0.2292218705117711,-3.0689558746160617,-0.6009874860492745
-0.953204464466493,1.9263133990779695,-1.1916626492446092
-0.5332690728048093,0.32629699206651896,-0.7885201719647443
-1.0925009996782646,0.3967923442680895,-0.31107431902904364
0.8829411328001897,0.8996950027178813,-0.2277456071024096
0.5734749660486609,0.6904563910720517,0.4305837121276636
0.09256163075681788,-0.3734765254208859,-0.5646589193648003
-0.4319876124157056,0.3799726504166046,0.21263025722496912
-0.1632227890682926,-0.3090672134183354,0.6316193083474773
-1.3778702265357723,1.8712392657771664,-0.26270971936393983
2.722128056620034,-0.15944852962381167,1.5270415338628158
-0.08350438498766949,0.4482153910969368,0.5730958772071851
-0.8573432579031229,-1.1283986257477117,-0.27640401546210364
1.6733088668587637,0.621514205424411,0.5085325438692476
-0.961712053729218,0.14305448536430185,0.5267912869542666
-1.424774009545395,0.4398974833248101,-1.403607040968023
-0.515271536363171,-0.6352419148632958,0.7101588549349569
0.11584319339763262,1.2468820574608446,-1.0649053400436093
-0.1059761372026976,0.4423998139410811,0.2347286303788675
0.5707653616858372,-0.1816393687727784,0.06844486409102439
0.2138841458200972,0.4450655725048232,0.19558999614667769
2.3346042089876136,0.8814106367627303,-0.912993607722668
-1.6140081921883491,-0.5788253476631955,-0.02938409133771032
-1.3257097265680589,0.4985473450695022,-0.5655888137410858
0.3241055415312091,-0.3912481615224229,0.5653981347982094
1.1399168738420045,-1.324870232528944,-1.3412767627260858
0.5484628156875534,0.4126088829807432,0.3955941309255607
-0.09367031682832512,-0.6381203470655611,1.152834569658289
-0.8388674502791461,-1.6089482823104626,0.22178112307275435
0.12245128281576735,-1.0189526273488454,0.98326486194658
-0.17581996263556676,2.2199190809628178,1.4045923060558498
0.11707203035551535,0.3707843266582708,-0.6889817353340727
2.1258417667989167,1.1104475155467184,0.6256382845240884
-0.5368368003821077,-0.7633016355380264,0.07649218813279361
0.20654295699648534,0.430956801111221,-0.8161502660442792
1.07832809032967,0.2222274871822197,-1.118933037090151
-0.016843970965832632,2.082708256100518,-0.7898619400206496
-2.1260213433301107,1.5109301812683975,0.6945617060795537
1.2100184803662444,2.2620096932129554,-0.7959258649549572
0.3906170953366341,-0.5635290605878789,1.9056751910670016
-1.3074143890549124,0.25818601500893457,-0.05170651769124262
1.553592781141429,-0.14833435863198172,-1.1257874748514014
-0.2807788379215013,1.0111727244448538,-0.0915453484086197
1.0405712528266484,-1.2154654363067003,-0.2848757886218446
0.4947146868205015,0.30142815600227835,0.6286834897160115
-0.04808582481664328,-0.22172633972255196,0.5574023299346279
0.049853729588212256,-0.049057668065674485,0.19757001114388312
-2.4985834902930635,-0.19070781777131254,-0.1461759578842158
-0.12091980045181007,-1.5499944613324623,-1.4721036775054075
0.21639732457111788,-1.0894219944940091,0.2958685082724355
1.559605577450735,-1.808408459948484,-1.668212030266098
1.193214447382631,-0.1762868344393407,-0.2400750362702947
-0.8336109110892816,-1.1386814904222158,-0.004445013256751063
0.09221699453991458,1.1434594436630612,0.4672422395391122
1.1163039434078097,-0.5234578692485118,0.9141818613788228
1.5030449731058544,0.5252990870065907,-0.41359728870571577
-0.9695441816854132,-0.6600176340348832,-1.7462585558036048
0.3990799062761472,-0.5606238829643588,0.5398594181735614
1.0252019906749827,2.224221814389419,-1.885280238051004
0.22077766844871533,1.0404596556089676,0.2670099628505383
-0.943990187589822,-1.2805467540932929,0.6489699752565076
0.1263138061860858,1.7896026318939,-0.8152956037387816
-1.498350531532857,-1.808055114108873,0.02301634903058331
-1.4321532322541153,-0.9733477615783398,0.15212589961229975
1.0235592640793474,1.311957035789647,-0.09495025367641424
0.08989944650098684,-0.14052292807106193,-0.04977769826552793
-1.4434338187958844,-1.5305801364362803,1.3129614957460478
-0.1513188268366142,-1.2593754958403538,-0.10026925727905042
-0.5092811678649078,-0.954586370417308,-0.9210697454182156
0.4267378939862179,0.5817476961620903,-0.11797913075405783
-1.3773827674812495,0.7238435938947873,1.9863269943016708
1.1864126501864694,-0.7593828288853758,-0.3055159918982429
-0.04879268513430867,-0.4642050787377013,-0.9546603557844436
-1.0846932371482136,-0.7943337003747591,0.5450689779988998
-0.9775688321395966,0.29719832372076865,-0.500029242520234
1.74088528789994,-1.3295025923849777,-2.272647562660413
0.1398846715061243,-1.546706540143616,-1.5152458556384318
0.04148402854473175,-0.01150586588744412,1.1559827764267372
-0.16185269699969693,-1.6243556289052865,-0.569105452807981
-0.5749658483205177,-0.8485649228903159,0.5299761004180686
-1.129912870409796,-0.464843241526351,1.186888258873086
-1.1267554717523396,0.5610600011423602,-0.011939032103616666
0.3692987439482857,0.5556244418953716,0.7572610952021948
1.8153586608331669,-1.0618473825229269,-0.1219239709462112
2.1433309516816506,1.3090655767838624,-0.4979919021431599
0.9218782409470218,-0.6180658026879459,1.0646960821967428
-1.0503113458099893,0.6450082484056817,-0.7867967762865513
-0.39995543105853776,-0.7101414669950893,0.5840811684665411
1.9397054635673463,1.2205087787739004,1.263948893067453
2.437452599589089,0.3652364862707337,-2.4883392049290767
0.8976104924853262,0.7913683010161817,-0.10140085553192443
0.37515800231583507,0.11123794902429184,-0.6554736647378875
-1.426516763151285,-0.5959357768229615,-1.3748260804308612
1.3618888438830532,0.403050639441622,-1.585263063411252
-0.09217242404907283,0.8812642172281776,-1.7979729365335344
-2.561375012093474,0.4312516439165332,0.3503845246988013
0.8114469384180133,-0.4517292213779841,0.08176594316469847
1.226785149389864,-0.9063723032401086,0.6982499593749086
1.160502684454833,1.4235085598385886,0.4916302554259235
-0.650963946153223,1.01728025534187,-1.1439583625994296
-1.336181427301287,-0.9341131182106436,0.7579347117119319
0.3963135108691027,-2.1518794198837043,-1.1380473262572135
-0.6593467184864271,-0.40694244404038055,-0.4217807159527615
-1.520805474552683,-0.7301744604872002,0.4104580410414287
0.08339962222770672,-1.84863143995882,0.22103651460404145
-0.8970646579976976,-0.3053249850836397,-2.1966305717999406
0.4796234106184756,0.4368992966463656,-0.8392498255431045
-0.8289755140889372,-0.13782092802142998,-0.3085613068522657
-0.024879555853548358,-0.5219153849477666,1.3650462498534663
-1.3707216234410078,1.4590292401215197,1.0737847614584568
0.993169786780468,1.3578338764019229,1.1265668219338754
0.9072394056787909,-0.6324165847762991,0.7331286878081202
-0.6838339277871824,0.01795624789104449,0.4961404682147838
0.024797752830001046,-0.26588675988357696,-2.027280787176998
-0.5640248155261715,-0.9205728750963516,-1.1911096392939335
0.26086375854737537,-1.2242092604677757,-0.2636550344730976
-2.9017427413448886,-2.4199359988292817,-0.2754927660377436
-0.033707720341130606,-1.0104696866307408,1.5038279009287907
-0.27942388635392884,-1.4259192360810349,-0.19025676814719789
-1.3587887130312628,-0.3245994272561953,1.6996850992488948
-1.4768480139095883,-0.4714342691369628,-1.0370920372488088
0.19988824838414745,1.6726480982433969,0.5970151199794982
0.15472533704504465,-1.6928368562150649,0.3226388970657142
-0.3177580568182716,-0.8043540989024047,-0.1424077104665949
0.5801545951860293,0.9474220769727012,1.3027294067999815
0.27946866175534085,-1.2939529498579254,1.4692636801651295
-1.4770929527468146,1.0717737191356047,-2.7452335675811583
-0.5142084670446824,0.018688940975537343,-0.6528792387972445
-3.5819592363067447,1.2462777887706304,-0.2602844116590444
-1.2971184852246105,1.085560097005448,-0.0069955221936273855
0.4809425350547633,1.6249785464102569,0.04321132798625808
0.07826206436746687,1.5098054455701184,-0.4687721955610276
1.5417610515390874,-0.6676539889727165,-0.6932147967213381
0.6370272891621305,1.3269272022185932,-0.8276348424287618
-0.3218279309439316,0.2298194207935294,-2.1632563824781808
0.7455611901059617,-1.247119586109486,0.18821792785632568
1.3912868891938328,-0.0308808240710466,0.8328501933386174
1.4214997850401576,-0.4651679957603664,0.2476892676908991
-0.03143131459598409,0.7770380972758121,-1.4046662868850408
0.4258447235979403,-1.0152209594488633,-0.982541399658854
1.1048721906557917,-2.71575908068532,0.6078498587174584
1.1333535586788364,-0.5978384450514065,1.7939153441534166
1.5114290047541754,-0.2272228922609731,-0.1370964049184721
0.660205724738917,-1.0778619058842118,-0.968162811829308
-1.0879560980203042,-0.18862663566048365,-0.054187265252074304
-0.4204990489842841,-1.158364964862229,-1.1571102125557091
1.3779792469165355,0.5390230646714915,-0.3575591342605375
-0.6534487642203235,-0.2721837467352805,1.8045742570637104
1.8753523284705664,-0.3078279881053944,-0.1735887882150456
0.3501169855618494,-0.7942196874488331,1.3946567049408278
0.4674738124692359,0.009427780489469682,-1.5586166589485997
0.613909005727947,-0.4621416152259359,2.8888748068884342
0.4554360000090145,2.0909522455338334,-0.1132796993071105
-0.6803942694030636,-1.4414396047658546,0.0879265478210095
-0.3947245562569032,0.2829758681217873,1.3849386083390147
-1.7275851615910343,-0.7251542553856088,-0.13794774082894995
-0.8602090446900978,-0.22406609706569536,-0.2849729725014387
0.4825061673190537,0.32034585190504594,-0.7026699386289929
1.6616767491374185,1.5427292257943008,-1.769597888361347
-0.4238907363839198,-0.3658425177796127,0.05708079548452945
0.1021753605056272,0.5534566718269419,-2.01698352040656
-1.1691886765656672,0.09789649511416117,-1.6159279328376899
-0.9920153843054756,2.123519288533796,-0.3819656610107205
-1.5585530548885125,0.35547164759643585,0.5880090392140609
-0.4569974540231835,-0.3745536608564395,-1.5008404500096075
1.005881632629731,0.9414628192421696,0.6922780116021041
1.082182830588205,-0.7805884494603663,-1.066473616373602
1.4663280755960348,2.7334152579003903,-0.8685096442166078
-0.8459787455321908,-0.8524067811097586,-1.6881146928366897
0.10605889934528168,0.4294465977404783,-0.603373124913801
0.004639129337912845,-0.17366194791302034,-0.4810011319108876
-1.0849104268110759,-0.15815339455353236,0.6034766780414931
-0.4938771434547007,0.24005778506066205,-1.1205725252515637
-0.4936933430624261,-0.10708920922402873,-3.1188870498534147
0.06532513952519843,-0.05441872154638592,-0.4466019372561233
-0.5361925029714425,-0.3181163038479324,1.7337097775306651
1.5421972492765434,0.007748716333253846,0.07808085823033509
-0.5299980141294516,0.15741919723508413,0.4324525095304077
0.4802340358016312,0.2622701973434404,0.4056903712519129
-0.3538591784383819,-1.5005218358052848,-0.04558829809449739
-0.08963326054867451,0.13908083101433655,-0.8387361255624892
2.226384902748546,-1.3363069760234476,0.2885683609484856
0.4787566756664857,0.2636189629728203,0.4732669664203332
0.2045193608003591,0.0037889755138626204,-0.07555307753168237
-0.7733095242145784,-0.9015840511651234,-1.2028149683070115
0.29418308179986513,0.4834269875900857,-0.19085481534402468
-0.9969361205652806,1.559233952457591,-0.26078666180299104
0.3802919587758968,-0.21511118504213966,-1.0908766837168058
0.7520534130705813,1.0180916936693578,1.6524189336870991
1.7970522672420408,0.05089041891893621,0.503773061102368
0.18189728978663772,1.0448904343804115,-0.20979501365613507
0.39400193738086,-0.4053427257598268,-0.3951155540126531
-0.059182310381442164,0.43308683064761744,-1.7462643719356603
-1.2072315584615678,0.8225796220976599,0.9749745709766968
-1.2961758042080689,-0.08331936382740547,0.9373741811578794
-1.0752209961686572,0.3204408950635444,-0.3762344157976626
-1.85558083640268,0.9747556548351084,0.01816152112699741
-1.3648154473329006,-1.40063193182542,-0.7393792109450791
-0.7039671811447067,0.046381906788252,-0.15215116586306568
-0.14296233766584632,1.570881651834847,-1.0630201098820768
-1.6776292814219678,-0.213973039863682,-1.6634330570282188
1.4803542896048263,0.4064595644778092,0.35684101524305056
-0.2221407113886131,0.4713015263502912,0.6030502347965215
-0.005517219740513574,-0.12656481595121186,-1.7474582595450732
-1.0641149238624728,-0.4498281567937967,1.063026642334168
-0.7712221713981287,-0.4965956432776871,0.6958056110897939
-0.138518032350371,0.218057679194454,0.11546308281435955
-0.10187667804181737,-0.8013445071478481,-0.29586540928471194
1.3757446628974366,0.09705693440908576,1.8361041178439048
0.9193787968396759,1.1441606126256132,0.6606648931008708
-0.8121791404680829,1.9656878522505157,-2.361571365691668
-0.6702593405084389,-1.3386747453154246,0.7804999698327746
-0.7198975325988765,1.4492593152077158,-0.3538720163940083
-0.12682165484967886,0.4386673398484651,-0.07836225624215909
0.4287627465814165,0.37139881531990654,0.3534931875502135
0.6887734329086604,1.053822883275689,0.8405352690190946
-1.1258425008666404,-0.22521601813634465,-0.3275241408676912
0.0218986752823684,-0.9316476511956888,-0.8879135219948646
0.6542373722342979,-0.9250458685887852,-0.5401470103295465
0.053168793689280014,2.189382070969628,1.5840594725660335
-0.6498354660607135,-0.09551000502840074,-0.03733982114441655
-0.7923631967392457,-0.7245091307102257,1.1368999986840218
1.8921875578104437,0.352109137431912,-0.29531678941211675
0.4442731077702807,-1.943092114873547,1.022970247916823
0.7986395081106663,-0.9348380863936088,0.9450409494142334
-1.3599746997509743,1.721800541395643,-1.4753749367578877
-0.5452019823038982,-2.495154243956325,1.7323228049289554
-0.5462184435927872,0.3600719037209003,0.7625104532580941
1.2749070951616102,-1.2116477045655871,1.1754127743468623
1.1751188439306577,-0.13094031134285306,0.5156781444952511
1.9306333605336503,-0.3220044054815652,2.648730806817896
-0.8021723217492281,0.6861237977198286,0.3375316804697574
2.341450601147256,0.290008025220797,-0.08552093360969854
-1.3050368580990093,1.9448277427738003,-1.6955489280308793
-1.2718090195530862,1.2555767123423296,-1.0176891238635453
0.25930464080090554,-0.003023592819941254,0.7478267325357616
0.12776990130715785,-1.2105965602314162,0.9131061674853737
0.3361798304339204,1.2250420261700483,-1.3790572727927948
2.031393062267442,-0.36155409206383904,0.4910150916084545
-0.3996436283807986,-1.8603231154408144,-0.083650585266266
-1.651903265604907,-0.49746183571864,-0.02450540436004475
-1.3113625245620395,-0.08703902380865204,1.3706449859971674
0.3925581966995415,0.8289689359053115,0.9819924652903096
-0.26457815817377484,-0.6107353066038406,1.2751909796186518
-0.6614794975017626,-0.5501154467367518,0.7183175120494921
0.4524563464267557,1.2063484044728865,-1.6178688721218912
-1.1028680149622017,-0.3523070943169755,-0.6235654848848998
0.4301998204262759,-0.09315203866626773,0.1648307353065718
0.17605328840198411,0.5377959344011738,1.2334710177157242
-0.597267867956366,1.319198559677817,-0.7254909918004636
-2.0975285016395304,0.0366779761209205,-0.3718957124438967
0.3671153028947596,-1.4458605596128793,1.2432463432172471
0.14581136883284235,-1.8330773013326018,2.6536912973216027
-0.8673222454113023,-1.6147228943916367,-0.029409720687541493
-0.20807504066279767,-1.2650536891479969,0.2079861863161471
-0.12757558570891928,-0.20885644050523847,-0.4160680065370532
0.05999016763118911,0.4409987296487459,-0.8229276927011303
-0.3073849690417353,-2.4082345284350835,0.5827321089794304
0.228106414321376,-0.7347322928715856,2.104458133991716
-0.9986483797660646,0.9436888347232376,-0.8630797030364455
-0.8558431986608448,0.9654563201161128,-1.4305390654644736
1.9048895726970505,0.7851385102807881,1.150081688831085
0.22442512502160644,1.7034701325743742,1.1347574508862086
-1.4849343079575497,-0.6115640955113563,1.4239484388268049
1.60707293890647,-0.6496979468125286,-0.40624136615644585
0.8644592949312176,-1.8100201521676564,-1.7799858585579778
-1.216899383310533,0.4753435956094961,-0.8502856749472145
-1.0753282868627485,0.36086965000141,-0.6142646417302641
-0.10419568965217553,0.17927367567840474,-0.15734290387212455
0.884914221076807,-0.4265399995122028,-1.2702326336862306
0.17746273190416248,-1.0464729964983033,-0.7156861466419261
-1.5217141811719126,-0.014861324765556938,-0.3853134556725649
-0.6307362912337771,-0.5302550930346439,0.9767525659787576
0.1340688542735306,1.5039769018076985,2.1853598709449726
0.23812970439331355,0.2823413109393345,0.08540124562624499
2.4276267829373186,-0.06994860344978268,0.96258367641526
0.7818534804710494,-1.5005417230663205,0.8185326233512322
-0.09691438286953012,-1.5584193021399448,0.7360193537381552
0.39886347608950706,0.5614933422289626,-2.486237873439661
-1.5907625231719011,-0.5706097872676191,-0.11445433275858875
1.2969863604444736,-0.09852798539291097,0.2357881847103085
-0.2649361580004481,0.07936614868676165,-0.8131211620713368
-0.3427159119648786,-0.450744312194449,-0.6563996959019064
-0.30177910362174115,-0.9213780357388008,1.8040736381882287
0.3890015850671454,-0.3993543546900936,-2.090770355466838
-0.7916197145156941,0.7970836905357515,-0.1782087499882284
-0.5442916276945126,-0.37879946243878415,0.22476456376091675
0.5445699531523238,-0.5878191642536751,0.3908123263083823
-0.12259964143462995,-1.2019371700507226,-1.3191400168802832
-0.13431131095308724,-0.5964528175521954,0.0007596350639780728
-1.29261093436862,-0.05159399080667846,1.5446590802401945
-0.01281560701673362,1.7577210585440448,-0.4818083999392381
-1.3158709999421911,-0.17465447890504734,-0.7245391064182611
1.4237310028898893,1.3399541958151109,-0.16586219934511665
0.8333861573426766,-0.00572595023490625,-0.08183338436999647
0.4779585428077679,-2.3139803481481342,2.032807312346403
-0.4431434007199997,-0.434810604438995,0.11802868719203875
0.5748291112459916,-0.8239605963994878,-1.0874334162684136
-0.7526475297896986,2.1515784922750663,-2.1406304155415383
-0.7855878578750827,0.2417116614451401,0.001838919370648168
-0.9087242352533612,1.6199669340129674,-1.2539391357775045
0.6619961178462186,1.4669697823658698,0.8969486158535186
0.4378960040984939,1.1973225793204365,0.32400094987207695
0.08493434585026585,0.1926544912232778,1.5774082027863263
0.6036334479165854,-0.4872696698694477,1.1869647364005642
2.119204368636541,1.3482697870352711,-0.6131153071418121
1.8947781405367452,0.2511944663202348,1.6918854014373401
1.7372236712736004,1.6875083289169608,0.9770001373181496
1.4129284180713615,0.11503614384086353,0.6326009080544596
0.9325861266989196,1.1864303042023447,-0.08853485413788091
2.0744367973942404,-0.12334107328393296,0.5913027950052506
0.4316138862467176,1.6196802496456446,-0.8632330788974667
0.7571242008691086,0.6569544209348908,0.9322583919090551
0.1396345534702603,0.8372240509588391,0.37483455965442775
1.4402943495031295,1.925763850632461,0.29500533986716715
0.5398089424994196,-1.2510075170688555,-0.9682341798520988
-0.18515164063916195,1.4014784011278465,-0.6316119240079733
-0.336180999831014,2.019261981030799,0.8554394410078006
-0.15585386371246635,-0.2939896650350327,-0.13837548954237494
-1.3097225380595785,1.3118531686603645,0.06378102394510522
-1.1131204126748626,1.3308724545918116,-0.3941500829981884
0.1977116008051942,0.6329521558417194,-0.2998856043878665
-0.7648835007768833,0.6005942627653814,0.5059485500830825
0.9459547219645432,-0.5961283588586982,1.34125889012907
0.10268731545788304,0.5321621641401401,-1.00550040831442
-0.1335230868925948,-0.1658377155907741,-0.8112724609473765
-0.3250211757275582,-1.1697531699303263,0.3307792122409931
-1.3435595173182031,0.4917759079232718,-0.4904386443138648
1.038354312619491,-0.5410943360437814,0.12708605619548424
-0.23306465396536505,0.5914410136768391,0.29262841997780314
1.4860303786986138,-0.547045575559188,1.888057861723968
-0.07915892662782341,0.7899055220425256,0.8808794543715376
1.2838051550899985,-0.6392658186359473,-1.0257687269327858
1.5573333544831809,-1.6750763923375325,-0.2078811820587691
0.2970021394796816,0.9041486779488404,0.3040390109202505
0.8780324241858901,1.6157685811985558,-1.2543917089117829
-0.23018226076681156,-0.5743688120458961,-1.4384229597840454
1.0870950152609464,-1.149835265190865,1.7283125914028863
1.997971269462446,-0.4039901976112615,0.19525847413026584
0.2822698609207946,1.348842436840246,0.08476667730681918
0.3269005288785737,-0.32599132544470666,-1.121286778697397
0.011116544858932974,0.4721385490647982,1.4981065651105387
-0.5525007855932653,-0.6998850680674688,0.258061373849925
2.244191588373478,0.6499024540177029,2.602004328681009
0.6768967893438024,0.6306115662673962,-0.8456763316870056
0.5478410735629451,0.05329683347846891,0.5770640820478328
-1.863875366333957,1.0367444249129691,-1.3900116237362703
0.6621783974812696,-1.5041087767355192,-0.4957162478574712
-1.2002334630527864,1.6542707811331727,0.5066729668819487
0.9939965542141984,-1.7083429769473903,-1.0355734546184006
0.3240938666456643,-1.0698149227881324,0.2328965672657604
-0.2500309062061484,-0.8079565771852614,-1.7248550921539667
-1.2460533077374771,-0.1827625070979143,1.8437046687284808
-1.5165453652022642,2.8249088918310212,-0.1799148421357949
-0.8674656700813359,-0.6280516425720757,1.964483095994513
-0.6502649967693644,0.3674591912970708,-0.3176288415824673
0.6101123904265764,1.6852702704693552,-0.277793766186559
-0.8293033822129727,0.054426091171892656,0.4424518439873595
-1.636588522535501,0.95913345776281,-0.11934141179490265
-0.5845188752079955,-0.2287093089265403,1.3925738224187576
0.4602853507352853,-0.939470026844859,0.8118130626346142
-1.4121897859745396,-1.289035546237998,-1.9329858842382728
1.7477052550023395,-1.9917784320459249,0.26811284618985265
0.9934739904203694,0.12408808005750455,0.13725317752079008
-1.9847396579426857,1.6535989158793365,0.3132340111641053
0.6590258992978983,-1.545832339627855,0.23363867501147345
-0.9939231064256351,-1.5381944914537784,-0.14218472471383922
0.014223056641996404,-0.9725450928272552,-1.2463437517610536
0.1527164467759486,0.8042332583160823,-0.4274577758441157
-1.177785550936289,0.7448000180933976,0.5545731899164373
-0.6642057966742577,0.010606826342234615,-0.3702806492698069
1.6256962460214677,0.5053338873224656,-1.4364848236502878
-0.42721084261780057,-0.2719604984050929,0.01926207832738956
-0.635799844579588,-1.0971822174159795,-0.486361178373813
-1.391299608944375,0.3317158641470339,1.136071397072929
-0.3178109474287605,-1.2950308292708177,-0.4039612828349767
-0.27579118342672465,0.9446632393946632,1.823439781966238
1.9811038063877642,0.8357793812963117,-2.6163436292819986
-0.4485467096474017,-1.7039571151784878,0.5335328788734294
0.7385916765733925,0.3355250155087928,-0.009494058293972056
1.3982925368723211,-0.03500561264292018,-0.5379291666872389
-0.6532504801029737,0.2705677328314861,-2.213505460851298
0.06818046597861321,0.15161403718099353,0.4159266977799845
0.5246730314900411,1.027945771385818,0.7361859701686138
-0.3551018403915273,0.4487507227460672,-0.04550206164319679
0.5456136711106346,0.3461052884747253,-1.7112613819291838
-0.5627378121824055,1.7289796765672518,0.06109232190089234
0.07627734633251383,-1.2171528923010078,-1.4217393849304962
0.4605793663439476,0.8798772544394643,-0.6894153298275449
1.337319829804225,1.2401888954106113,-0.3553466330856937
-1.1690139770175083,-0.6785351275462901,0.6615236024890031
-0.7040196430785027,1.5345027374832825,-0.14747380713983058
-0.19067734677422346,0.6797776564807227,-0.0243426022798252
0.5600779248269673,-2.2060042597049967,0.2854175291392657
0.98823385743816,-0.1939252389303508,2.5546187287490003
1.059852973194136,0.5939870132566215,-0.4080841530873973
1.2420378442720656,1.8051493716196565,0.7787180817248788
-1.1779201673299309,0.4198737581604395,1.30589703968713
-1.0796941640923243,-0.7081467531200641,-2.087188871755456
0.17308863842165118,-1.4725562394960647,-0.028818768944119045
2.248248213102628,-0.4451674722123169,0.6603401921214719
0.6056076710115201,-0.6050534436348498,-0.8953333889902374
1.5796917460043924,0.924862119867116,-1.3090836127140866
-0.2306862189429366,0.7390265539845651,-0.8070562019226324
0.14107930889926798,-0.4494763722288713,-1.4336334292049615
0.3150562336125222,1.2683124046704133,0.22539064200057665
1.2668173343596711,-0.9543948071971724,0.2761309528927626
-0.6588614603174842,-0.3919968992552253,2.0401606192147352
-1.2310770946845044,1.1919876707960628,-0.4713476097065718
-0.9940177944218804,-0.7960401020946566,-0.010054251854634644
0.4106889743059109,-0.11045364824889124,0.3087979637475523
1.129534282654189,0.8854478589578798,0.24232711767374102
1.629317124035852,-0.38527337370233933,1.3285598589326308
2.4996085573361833,1.3962552247977973,-0.6772524525724568
0.3677452993744372,0.6366748000554668,0.9023185734192856
0.9390479523880184,-0.5625731857492968,-0.13013602375094244
-0.5177050854184891,-0.4740975789726685,-1.1433056393141596
-0.8225079559435529,0.01784949987861974,-0.6645839371526677
0.9733574756045495,0.6326819602509419,1.1741226887520595
-0.8906983450185594,1.950284741107147,-0.8483646039994196
1.3437138316258137,-0.1328021542339781,0.4373699891448666
-0.4372033465854219,0.18607789173915307,-1.4297432697465278
0.5483031233451666,0.8835527566544022,0.3343249231062389
-1.3346811527940088,-1.1885589570294732,1.774178208943349
-1.1270317709874464,1.1291931045754409,-0.34215882642849443
1.1064184027779462,-1.0378992950700403,-1.2771554998885974
0.17459823719987658,0.4146121803054975,-0.051624399893403325
-0.3884072863360704,-0.6187698941490684,-0.4856820139378358
2.199596270207128,-0.013433115593102271,1.6390159625398226
-0.4836296744331576,0.9679841392234759,0.005598129346786846
0.9042530499255814,0.5128237023831503,-2.100729254975352
0.2760164005053909,-1.0967374362294635,-0.2639537192706373
-0.054502134269475415,-0.2925492353668531,0.28241582233805856
0.2550459302439192,1.2672696297586157,0.41646121924904783
-1.3800575247256217,0.06257527498954879,-2.113871907645313
0.984528892910622,-0.9979611647390642,0.8949292492918214
0.13160498615087027,0.07514191667001639,0.22204078080250966
1.1327141469944808,-1.1238270411088347,-0.18017454465628696
1.2794674205472998,0.639232658194312,-0.7314526349814885
-1.012605803234805,-1.0106323774378294,-1.5990782836522743
-0.28412118929714353,-1.5650043055884924,-0.7780470460254721
2.4691623313558653,-0.9774822576506368,-0.2658835238377472
0.9724775388464686,0.13578209501860772,-3.2085170969254286
0.8660546887139031,0.2643353498565014,-1.3509421173128937
0.7235632174500684,0.8862774335064155,-0.14794177732493213
0.6814163400711847,-0.4997464228574656,-0.2562517685511248
1.5979048506334332,-2.0432184869082914,0.107428555922191
-0.654870270070296,2.406761358795803,-0.8872611270507683
0.07278843494546867,-0.2433173290173932,-1.7321398785462931
0.38559684666162697,-0.4002033604588777,1.4883095709890168
0.17995448895240318,-0.6933639752571646,-1.6819382038514017
-0.37777144969560494,1.4366590007629467,0.3698492984746655
1.0591980042039029,-0.4814793581995186,-0.17189524513326046
-0.8164014702978528,0.1404927068423128,-0.2298129973260868
0.2471674061220114,2.3536956210025117,-0.9688037215292186
1.9934149818844096,-0.4824487947244642,0.4656479282691615
0.2976067109533669,-0.9262428470124529,1.3484232349046672
-1.0111786396253752,-0.019710807832366745,1.0912923671526782
0.2613859364267999,0.5898741007432924,0.6379193850208469
